{"cameraMode":{"drawMode":0,"name":"Shaded","section":"Shading Mode"},"sceneLighting":true,"audioPlay":false,"sceneViewState":{"m_AlwaysRefresh":false,"showFog":true,"showSkybox":true,"showFlares":true,"showImageEffects":true,"showParticleSystems":true,"showVisualEffectGraphs":true,"m_FxEnabled":true},"in2DMode":false,"pivot":{"x":0.11826837062835694,"y":7.076137542724609,"z":-8.982645034790039},"rotation":{"x":0.12034395337104798,"y":0.20543833076953889,"z":-0.025433078408241273,"w":0.9709550142288208},"size":2.370227336883545,"orthographic":false}